sample,Time (s),CMD_POS_FLOATMAG_BH,ENC_POS_FLOATMAG_BH,POS_ERR_FLOATMAG_BH,DAC_FLOATMAG_BH,MODE_FLOATMAG_BH,ENC_POS_FLOATMAG_FBX,ENC_POS_FLOATMAG_FBY,ENC_POS_FLOATMAG_FB_COUNT,ENC_POS_FLOATMAG_FB_SCORE,EndPoint_X(um),ENC_X(um),dENC_X(um),ddENC_X(um)
929,0.116125,1600,1937,-337,-356,9030009,6930432,5328896,15328,1,6.094758526,9.685,,
930,0.11625,1500,1832,-332,-341,9030009,6930432,5328896,15328,1,6.094758526,9.16,-0.5250000000000004,
931,0.116375,1400,1735,-335,-392,9030009,6930432,5328896,15329,1,6.094758526,8.675,-0.48499999999999943,0.040000000000000924
932,0.1165,1300,1631,-331,-409,9030009,6930432,5328896,15329,1,6.094758526,8.155,-0.5200000000000014,-0.03500000000000192
933,0.116625,1200,1530,-330,-395,9030009,6930432,5328896,15329,1,6.094758526,7.65,-0.504999999999999,0.015000000000002345
934,0.11675,1100,1421,-321,-374,9030009,6930432,5328896,15330,1,6.094758526,7.105,-0.5449999999999999,-0.040000000000000924
935,0.116875,1000,1315,-315,-352,9030009,6930432,5328896,15330,1,6.094758526,6.575,-0.5300000000000002,0.01499999999999968
936,0.117,900,1219,-319,-416,9030009,6930432,5328896,15330,1,6.094758526,6.095,-0.4800000000000004,0.04999999999999982
937,0.117125,800,1111,-311,-420,903000d,6930432,5328896,15331,1,6.094758526,5.555,-0.54,-0.05999999999999961
938,0.11725,701,1010,-309,-322,903000d,6930432,5328896,15331,1,6.094758526,5.05,-0.5049999999999999,0.03500000000000014
939,0.117375,603,911,-308,-199,903000d,6930432,5328896,15331,1,6.094758526,4.555,-0.4950000000000001,0.009999999999999787
940,0.1175,509,821,-312,-82,903000d,6930432,5328896,15331,1,6.094758526,4.105,-0.4499999999999993,0.04500000000000082
941,0.117625,420,727,-307,60,903000d,6930432,5328896,15331,1,6.094758526,3.635,-0.47000000000000064,-0.02000000000000135
942,0.11775,339,637,-298,227,903000d,6930432,5328896,15332,1,6.094758526,3.185,-0.44999999999999973,0.020000000000000906
943,0.117875,265,552,-287,345,903000d,6930432,5328896,15332,1,6.094758526,2.76,-0.42500000000000027,0.024999999999999467
944,0.118,201,468,-267,461,903000d,6930432,5328896,15332,1,6.094758526,2.34,-0.41999999999999993,0.0050000000000003375
945,0.118125,146,397,-251,524,903000f,6930432,5328896,15333,1,6.094758526,1.985,-0.35499999999999976,0.06500000000000017
946,0.11825,101,326,-225,567,903000f,6930432,5328896,15333,1,6.094758526,1.63,-0.3550000000000002,-4.440892098500626e-16
947,0.118375,65,275,-210,555,903000f,6930432,5328896,15333,1,6.094758526,1.375,-0.2549999999999999,0.10000000000000031
948,0.1185,39,233,-194,468,903000f,6930432,5328896,15334,1,6.094758526,1.165,-0.20999999999999996,0.04499999999999993
949,0.118625,20,203,-183,384,903000f,6930432,5328896,15334,1,6.094758526,1.015,-0.15000000000000013,0.05999999999999983
950,0.11875,9,187,-178,250,903000f,7004160,5169152,15335,1,6.797894255,0.935,-0.07999999999999985,0.07000000000000028
951,0.118875,3,180,-177,93,903000f,7004160,5169152,15335,1,6.797894255,0.9,-0.03500000000000003,0.04499999999999982
952,0.119,1,173,-172,-26,901000f,7004160,5169152,15335,1,6.797894255,0.865,-0.03500000000000003,0.0
953,0.119125,0,178,-178,-184,ff010001,6918144,5124096,15336,1,5.977569238,0.89,0.025000000000000022,0.06000000000000005
954,0.11925,0,180,-180,-281,ff010001,6918144,5124096,15336,1,5.977569238,0.9,0.010000000000000009,-0.015000000000000013
955,0.119375,0,185,-185,-269,ff010001,6918144,5124096,15336,1,5.977569238,0.925,0.025000000000000022,0.015000000000000013
956,0.1195,0,187,-187,-258,ff010001,6807552,5103616,15337,1,4.922865644,0.935,0.010000000000000009,-0.015000000000000013
957,0.119625,0,188,-188,-240,ff010001,6807552,5103616,15337,1,4.922865644,0.94,0.004999999999999893,-0.0050000000000001155
958,0.11975,0,185,-185,-226,ff010001,6807552,5103616,15337,1,4.922865644,0.925,-0.014999999999999902,-0.019999999999999796
959,0.119875,0,178,-178,-203,ff010001,6656000,5234688,15338,1,3.47753109,0.89,-0.03500000000000003,-0.02000000000000013
960,0.12,0,163,-163,-162,ff010001,6656000,5234688,15338,1,3.47753109,0.815,-0.07500000000000007,-0.040000000000000036
961,0.120125,0,157,-157,-180,ff010001,6516736,5197824,15339,1,2.149385824,0.785,-0.029999999999999916,0.04500000000000015
962,0.12025,0,148,-148,-230,ff010001,6516736,5197824,15339,1,2.149385824,0.74,-0.04500000000000004,-0.015000000000000124
963,0.120375,0,152,-152,-299,ff010001,6516736,5197824,15339,1,2.149385824,0.76,0.020000000000000018,0.06500000000000006
964,0.1205,0,160,-160,-402,ff010001,6340608,5275648,15340,1,0.469672694,0.8,0.040000000000000036,0.020000000000000018
965,0.120625,0,173,-173,-468,ff010001,6340608,5275648,15340,1,0.469672694,0.865,0.06499999999999995,0.02499999999999991
966,0.12075,0,196,-196,-559,ff010001,6340608,5275648,15340,1,0.469672694,0.98,0.11499999999999999,0.050000000000000044
967,0.120875,0,218,-218,-625,ff010001,6197248,5214208,15341,1,-0.897535668,1.09,0.1100000000000001,-0.004999999999999893
968,0.121,0,244,-244,-660,ff010001,6197248,5214208,15341,1,-0.897535668,1.22,0.1299999999999999,0.019999999999999796
969,0.121125,0,269,-269,-695,ff010001,6197248,5214208,15341,1,-0.897535668,1.345,0.125,-0.004999999999999893
970,0.12125,0,294,-294,-714,ff010001,6057984,5230592,15342,1,-2.225680934,1.47,0.125,0.0
971,0.121375,0,320,-320,-744,ff010001,6057984,5230592,15342,1,-2.225680934,1.6,0.13000000000000012,0.0050000000000001155
972,0.1215,0,339,-339,-743,ff010001,6057984,5230592,15342,1,-2.225680934,1.695,0.09499999999999997,-0.03500000000000014
973,0.121625,0,349,-349,-690,ff010001,5910528,5230592,15343,1,-3.631952392,1.745,0.050000000000000044,-0.04499999999999993
974,0.12175,0,355,-355,-645,ff010001,5910528,5230592,15343,1,-3.631952392,1.775,0.029999999999999805,-0.02000000000000024
975,0.121875,0,350,-350,-591,ff010001,5787648,5378048,15344,1,-4.803845274,1.75,-0.02499999999999991,-0.054999999999999716
976,0.122,0,339,-339,-523,ff010001,5787648,5378048,15344,1,-4.803845274,1.695,-0.05499999999999994,-0.030000000000000027
977,0.122125,0,316,-316,-444,ff010001,5787648,5378048,15344,1,-4.803845274,1.58,-0.11499999999999999,-0.06000000000000005
978,0.12225,0,293,-293,-387,ff010001,5709824,5365760,15345,1,-5.546044099,1.465,-0.11499999999999999,0.0
979,0.122375,0,265,-265,-361,ff010001,5709824,5365760,15345,1,-5.546044099,1.325,-0.14000000000000012,-0.025000000000000133
980,0.1225,0,231,-231,-304,ff010001,5709824,5365760,15345,1,-5.546044099,1.155,-0.16999999999999993,-0.029999999999999805
981,0.122625,0,192,-192,-236,ff010001,5644288,5357568,15346,1,-6.171053635,0.96,-0.19500000000000006,-0.025000000000000133
982,0.12275,0,155,-155,-200,ff010001,5644288,5357568,15346,1,-6.171053635,0.775,-0.18499999999999994,0.01000000000000012
983,0.122875,0,122,-122,-207,ff010001,5644288,5357568,15346,1,-6.171053635,0.61,-0.16500000000000004,0.019999999999999907
984,0.123,0,87,-87,-196,ff010001,5582848,5574656,15347,1,-6.757000076,0.435,-0.175,-0.009999999999999953
985,0.123125,0,51,-51,-154,ff010001,5582848,5574656,15347,1,-6.757000076,0.255,-0.18,-0.0050000000000000044
986,0.12325,0,23,-23,-155,ff010001,5586944,5521408,15348,1,-6.71793698,0.115,-0.14,0.03999999999999998
987,0.123375,0,0,0,-191,ff010001,5586944,5521408,15348,1,-6.71793698,0.0,-0.115,0.02500000000000001
988,0.1235,0,-25,25,-183,ff010001,5586944,5521408,15348,1,-6.71793698,-0.125,-0.125,-0.009999999999999995
989,0.123625,0,-47,47,-160,ff010001,5607424,5533696,15349,1,-6.5226215,-0.235,-0.10999999999999999,0.015000000000000013
990,0.12375,0,-60,60,-190,ff010001,5607424,5533696,15349,1,-6.5226215,-0.3,-0.065,0.044999999999999984
991,0.123875,0,-77,77,-197,ff010001,5607424,5533696,15349,1,-6.5226215,-0.385,-0.08500000000000002,-0.020000000000000018
992,0.124,0,-93,93,-164,ff010001,5701632,5468160,15350,1,-5.624170291,-0.465,-0.08000000000000002,0.0050000000000000044
993,0.124125,0,-117,117,-108,ff010001,5701632,5468160,15350,1,-5.624170291,-0.585,-0.11999999999999994,-0.039999999999999925
994,0.12425,0,-121,121,-144,ff010001,5701632,5468160,15350,1,-5.624170291,-0.605,-0.020000000000000018,0.09999999999999992
995,0.124375,0,-139,139,-166,ff010001,5742592,5492736,15351,1,-5.23353933,-0.695,-0.08999999999999997,-0.06999999999999995
996,0.1245,0,-155,155,-99,ff010001,5742592,5492736,15351,1,-5.23353933,-0.775,-0.08000000000000007,0.009999999999999898
997,0.124625,0,-173,173,-78,ff010001,5799936,5574656,15352,1,-4.686655985,-0.865,-0.08999999999999997,-0.009999999999999898
998,0.12475,0,-184,184,-90,ff010001,5799936,5574656,15352,1,-4.686655985,-0.92,-0.05500000000000005,0.03499999999999992
999,0.124875,0,-197,197,-107,ff010001,5799936,5574656,15352,1,-4.686655985,-0.985,-0.06499999999999995,-0.009999999999999898
1000,0.125,0,-207,207,-104,ff010001,5906432,5591040,15353,1,-3.671015488,-1.035,-0.04999999999999993,0.015000000000000013
1001,0.125125,0,-201,201,-185,ff010001,5906432,5591040,15353,1,-3.671015488,-1.005,0.030000000000000027,0.07999999999999996
1002,0.12525,0,-214,214,-173,ff010001,5906432,5591040,15353,1,-3.671015488,-1.07,-0.06500000000000017,-0.0950000000000002
1003,0.125375,0,-212,212,-143,ff010001,6000640,5619712,15354,1,-2.772564279,-1.06,0.010000000000000009,0.07500000000000018
1004,0.1255,0,-210,210,-205,ff010001,6000640,5619712,15354,1,-2.772564279,-1.05,0.010000000000000009,0.0
1005,0.125625,0,-207,207,-214,ff010001,6000640,5619712,15354,1,-2.772564279,-1.035,0.015000000000000124,0.0050000000000001155
1006,0.12575,0,-193,193,-269,ff010001,6131712,5517312,15355,1,-1.522545205,-0.965,0.06999999999999995,0.05499999999999983
1007,0.125875,0,-188,188,-285,ff010001,6131712,5517312,15355,1,-1.522545205,-0.94,0.025000000000000022,-0.04499999999999993
1008,0.126,0,-176,176,-278,ff010001,6197248,5636096,15356,1,-0.897535668,-0.88,0.05999999999999994,0.03499999999999992
1009,0.126125,0,-159,159,-337,ff010001,6197248,5636096,15356,1,-0.897535668,-0.795,0.08499999999999996,0.025000000000000022
1010,0.12625,0,-144,144,-364,ff010001,6197248,5636096,15356,1,-0.897535668,-0.72,0.07500000000000007,-0.009999999999999898
1011,0.126375,0,-128,128,-369,ff010001,6332416,5492736,15357,1,0.391546502,-0.64,0.07999999999999996,0.004999999999999893
1012,0.1265,0,-114,114,-373,ff010001,6332416,5492736,15357,1,0.391546502,-0.57,0.07000000000000006,-0.009999999999999898
1013,0.126625,0,-99,99,-378,ff010001,6332416,5492736,15357,1,0.391546502,-0.495,0.07499999999999996,0.004999999999999893
1014,0.12675,0,-86,86,-385,ff010001,6438912,5537792,15358,1,1.407186999,-0.43,0.065,-0.009999999999999953
1015,0.126875,0,-76,76,-373,ff010001,6438912,5537792,15358,1,1.407186999,-0.38,0.04999999999999999,-0.015000000000000013
1016,0.127,0,-65,65,-373,ff010001,6438912,5537792,15358,1,1.407186999,-0.325,0.05499999999999999,0.0050000000000000044
1017,0.127125,0,-56,56,-379,ff010001,6533120,5476352,15359,1,2.305638209,-0.28,0.044999999999999984,-0.010000000000000009
1018,0.12725,0,-49,49,-370,ff010001,6533120,5476352,15359,1,2.305638209,-0.245,0.03500000000000003,-0.009999999999999953
1019,0.127375,0,-42,42,-368,ff010001,6533120,5476352,15359,1,2.305638209,-0.21,0.035,-2.7755575615628914e-17
1020,0.1275,0,-38,38,-361,ff010001,6639616,5369856,15360,1,3.321278706,-0.19,0.01999999999999999,-0.015000000000000013
1021,0.127625,0,-30,30,-372,ff010001,6639616,5369856,15360,1,3.321278706,-0.15,0.04000000000000001,0.020000000000000018
1022,0.12775,0,-23,23,-393,ff010001,6701056,5402624,15361,1,3.907225147,-0.115,0.03499999999999999,-0.005000000000000018
1023,0.127875,0,-20,20,-377,ff010001,6701056,5402624,15361,1,3.907225147,-0.1,0.015,-0.01999999999999999
1024,0.128,0,-20,20,-344,ff010001,6701056,5402624,15361,1,3.907225147,-0.1,0.0,-0.015
1025,0.128125,0,-12,12,-367,ff010001,6729728,5402624,15362,1,4.180666819,-0.06,0.04000000000000001,0.04000000000000001
1026,0.12825,0,-10,10,-382,ff010001,6729728,5402624,15362,1,4.180666819,-0.05,0.009999999999999995,-0.030000000000000013
1027,0.128375,0,-5,5,-372,ff010001,6729728,5402624,15362,1,4.180666819,-0.025,0.025,0.015000000000000006
1028,0.1285,0,0,0,-386,ff010001,6766592,5406720,15363,1,4.532234684,0.0,0.025,0.0
1029,0.128625,0,5,-5,-390,ff010001,6766592,5406720,15363,1,4.532234684,0.025,0.025,0.0
1030,0.12875,0,5,-5,-367,ff010001,6766592,5406720,15363,1,4.532234684,0.025,0.0,-0.025
1031,0.128875,0,8,-8,-356,ff010001,6791168,5304320,15364,1,4.76661326,0.04,0.015,0.015
1032,0.129,0,8,-8,-356,ff010001,6791168,5304320,15364,1,4.76661326,0.04,0.0,-0.015
1033,0.129125,0,8,-8,-343,ff010001,6782976,5279744,15365,1,4.688487068,0.04,0.0,0.0
1034,0.12925,0,5,-5,-328,ff010001,6782976,5279744,15365,1,4.688487068,0.025,-0.015,-0.015
1035,0.129375,0,3,-3,-316,ff010001,6782976,5279744,15365,1,4.688487068,0.015,-0.010000000000000002,0.0049999999999999975
1036,0.1295,0,0,0,-315,ff010001,6774784,5287936,15366,1,4.610360876,0.0,-0.015,-0.0049999999999999975
1037,0.129625,0,0,0,-323,ff010001,6774784,5287936,15366,1,4.610360876,0.0,0.0,0.015
1038,0.12975,0,-8,8,-299,ff010001,6774784,5287936,15366,1,4.610360876,-0.04,-0.04,-0.04
1039,0.129875,0,-10,10,-283,ff010001,6705152,5279744,15367,1,3.946288243,-0.05,-0.010000000000000002,0.03
1040,0.13,0,-20,20,-269,ff010001,6705152,5279744,15367,1,3.946288243,-0.1,-0.05,-0.04
1041,0.130125,0,-25,25,-250,ff010001,6705152,5279744,15367,1,3.946288243,-0.125,-0.024999999999999994,0.02500000000000001
1042,0.13025,0,-30,30,-267,ff010001,6647808,5152768,15368,1,3.399404898,-0.15,-0.024999999999999994,0.0
1043,0.130375,0,-40,40,-241,ff010001,6647808,5152768,15368,1,3.399404898,-0.2,-0.05000000000000002,-0.025000000000000022
1044,0.1305,0,-45,45,-232,ff010001,6578176,5193728,15369,1,2.735332265,-0.225,-0.024999999999999994,0.025000000000000022
1045,0.130625,0,-53,53,-235,ff010001,6578176,5193728,15369,1,2.735332265,-0.265,-0.04000000000000001,-0.015000000000000013
1046,0.13075,0,-60,60,-220,ff010001,6578176,5193728,15369,1,2.735332265,-0.3,-0.034999999999999976,0.005000000000000032
1047,0.130875,0,-63,63,-236,ff010001,6475776,5148672,15370,1,1.758754864,-0.315,-0.015000000000000013,0.019999999999999962
1048,0.131,0,-70,70,-232,ff010001,6475776,5148672,15370,1,1.758754864,-0.35,-0.034999999999999976,-0.019999999999999962
1049,0.131125,0,-70,70,-240,ff010001,6475776,5148672,15370,1,1.758754864,-0.35,0.0,0.034999999999999976
1050,0.13125,0,-73,73,-255,ff010001,6402048,5017600,15371,1,1.055619135,-0.365,-0.015000000000000013,-0.015000000000000013
1051,0.131375,0,-76,76,-237,ff010001,6402048,5017600,15371,1,1.055619135,-0.38,-0.015000000000000013,0.0
1052,0.1315,0,-76,76,-244,ff010001,6402048,5017600,15371,1,1.055619135,-0.38,0.0,0.015000000000000013
1053,0.131625,0,-74,74,-266,ff010001,6307840,5001216,15372,1,0.157167926,-0.37,0.010000000000000009,0.010000000000000009
1054,0.13175,0,-76,76,-256,ff010001,6307840,5001216,15372,1,0.157167926,-0.38,-0.010000000000000009,-0.020000000000000018
1055,0.131875,0,-76,76,-243,ff010001,6189056,5066752,15373,1,-0.97566186,-0.38,0.0,0.010000000000000009
1056,0.132,0,-76,76,-249,ff010001,6189056,5066752,15373,1,-0.97566186,-0.38,0.0,0.0
1057,0.132125,0,-71,71,-274,ff010001,6189056,5066752,15373,1,-0.97566186,-0.355,0.025000000000000022,0.025000000000000022
1058,0.13225,0,-76,76,-252,ff010001,6062080,5054464,15374,1,-2.186617838,-0.38,-0.025000000000000022,-0.050000000000000044
1059,0.132375,0,-72,72,-244,ff010001,6062080,5054464,15374,1,-2.186617838,-0.36,0.020000000000000018,0.04500000000000004
1060,0.1325,0,-69,69,-282,ff010001,6062080,5054464,15374,1,-2.186617838,-0.345,0.015000000000000013,-0.0050000000000000044
1061,0.132625,0,-71,71,-258,ff010001,6000640,4964352,15375,1,-2.772564279,-0.355,-0.010000000000000009,-0.025000000000000022
1062,0.13275,0,-70,70,-245,ff010001,6000640,4964352,15375,1,-2.772564279,-0.35,0.0050000000000000044,0.015000000000000013
1063,0.132875,0,-70,70,-254,ff010001,6000640,4964352,15375,1,-2.772564279,-0.35,0.0,-0.0050000000000000044
1064,0.133,0,-71,71,-245,ff010001,5918720,4947968,15376,1,-3.5538262,-0.355,-0.0050000000000000044,-0.0050000000000000044
1065,0.133125,0,-68,68,-259,ff010001,5918720,4947968,15376,1,-3.5538262,-0.34,0.014999999999999958,0.019999999999999962
1066,0.13325,0,-70,70,-256,ff010001,5918720,4947968,15376,1,-3.5538262,-0.35,-0.009999999999999953,-0.02499999999999991
1067,0.133375,0,-73,73,-226,ff010001,5840896,4947968,15377,1,-4.296025025,-0.365,-0.015000000000000013,-0.00500000000000006
1068,0.1335,0,-76,76,-216,ff010001,5840896,4947968,15377,1,-4.296025025,-0.38,-0.015000000000000013,0.0
1069,0.133625,0,-73,73,-243,ff010001,5746688,5038080,15378,1,-5.194476234,-0.365,0.015000000000000013,0.030000000000000027
1070,0.13375,0,-74,74,-256,ff010001,5746688,5038080,15378,1,-5.194476234,-0.37,-0.0050000000000000044,-0.020000000000000018
1071,0.133875,0,-74,74,-241,ff010001,5746688,5038080,15378,1,-5.194476234,-0.37,0.0,0.0050000000000000044
1072,0.134,0,-76,76,-232,ff010001,5709824,5005312,15379,1,-5.546044099,-0.38,-0.010000000000000009,-0.010000000000000009
1073,0.134125,0,-76,76,-229,ff010001,5709824,5005312,15379,1,-5.546044099,-0.38,0.0,0.010000000000000009
1074,0.13425,0,-76,76,-237,ff010001,5709824,5005312,15379,1,-5.546044099,-0.38,0.0,0.0
1075,0.134375,0,-78,78,-227,ff010001,5689344,5017600,15380,1,-5.741359579,-0.39,-0.010000000000000009,-0.010000000000000009
1076,0.1345,0,-80,80,-214,ff010001,5689344,5017600,15380,1,-5.741359579,-0.4,-0.010000000000000009,0.0
1077,0.134625,0,-76,76,-240,ff010001,5689344,5017600,15380,1,-5.741359579,-0.38,0.020000000000000018,0.030000000000000027
1078,0.13475,0,-78,78,-242,ff010001,5664768,5087232,15381,1,-5.975738155,-0.39,-0.010000000000000009,-0.030000000000000027
1079,0.134875,0,-73,73,-245,ff010001,5664768,5087232,15381,1,-5.975738155,-0.365,0.025000000000000022,0.03500000000000003
1080,0.135,0,-75,75,-244,ff010001,5705728,5013504,15382,1,-5.585107195,-0.375,-0.010000000000000009,-0.03500000000000003
1081,0.135125,0,-73,73,-229,ff010001,5705728,5013504,15382,1,-5.585107195,-0.365,0.010000000000000009,0.020000000000000018
1082,0.13525,0,-73,73,-236,ff010001,5705728,5013504,15382,1,-5.585107195,-0.365,0.0,-0.010000000000000009
1083,0.135375,0,-68,68,-251,ff010001,5713920,5132288,15383,1,-5.506981003,-0.34,0.024999999999999967,0.024999999999999967
1084,0.1355,0,-69,69,-248,ff010001,5713920,5132288,15383,1,-5.506981003,-0.345,-0.004999999999999949,-0.029999999999999916
1085,0.135625,0,-70,70,-218,ff010001,5713920,5132288,15383,1,-5.506981003,-0.35,-0.0050000000000000044,-5.551115123125783e-17
1086,0.13575,0,-69,69,-223,ff010001,5783552,5033984,15384,1,-4.84290837,-0.345,0.0050000000000000044,0.010000000000000009
1087,0.135875,0,-69,69,-229,ff010001,5783552,5033984,15384,1,-4.84290837,-0.345,0.0,-0.0050000000000000044
1088,0.136,0,-69,69,-225,ff010001,5783552,5033984,15384,1,-4.84290837,-0.345,0.0,0.0
1089,0.136125,0,-65,65,-243,ff010001,5840896,5181440,15385,1,-4.296025025,-0.325,0.019999999999999962,0.019999999999999962
1090,0.13625,0,-68,68,-231,ff010001,5840896,5181440,15385,1,-4.296025025,-0.34,-0.015000000000000013,-0.034999999999999976
1091,0.136375,0,-66,66,-219,ff010001,5914624,5251072,15386,1,-3.592889296,-0.33,0.010000000000000009,0.025000000000000022
1092,0.1365,0,-65,65,-236,ff010001,5914624,5251072,15386,1,-3.592889296,-0.325,0.0050000000000000044,-0.0050000000000000044
1093,0.136625,0,-63,63,-238,ff010001,5914624,5251072,15386,1,-3.592889296,-0.315,0.010000000000000009,0.0050000000000000044
1094,0.13675,0,-64,64,-228,ff010001,6045696,5160960,15387,1,-2.342870222,-0.32,-0.0050000000000000044,-0.015000000000000013
1095,0.136875,0,-61,61,-230,ff010001,6045696,5160960,15387,1,-2.342870222,-0.305,0.015000000000000013,0.020000000000000018
1096,0.137,0,-59,59,-245,ff010001,6045696,5160960,15387,1,-2.342870222,-0.295,0.010000000000000009,-0.0050000000000000044
1097,0.137125,0,-56,56,-247,ff010001,6119424,5378048,15388,1,-1.639734493,-0.28,0.014999999999999958,0.004999999999999949
1098,0.13725,0,-55,55,-242,ff010001,6119424,5378048,15388,1,-1.639734493,-0.275,0.0050000000000000044,-0.009999999999999953
1099,0.137375,0,-50,50,-251,ff010001,6119424,5378048,15388,1,-1.639734493,-0.25,0.025000000000000022,0.020000000000000018
1100,0.1375,0,-42,42,-287,ff010001,6250496,5275648,15389,1,-0.389715419,-0.21,0.04000000000000001,0.014999999999999986
1101,0.137625,0,-40,40,-278,ff010001,6250496,5275648,15389,1,-0.389715419,-0.2,0.009999999999999981,-0.030000000000000027
1102,0.13775,0,-37,37,-254,ff010001,6250496,5275648,15389,1,-0.389715419,-0.185,0.015000000000000013,0.005000000000000032
1103,0.137875,0,-34,34,-257,ff010001,6361088,5332992,15390,1,0.664988174,-0.17,0.014999999999999986,-2.7755575615628914e-17
1104,0.138,0,-30,30,-265,ff010001,6361088,5332992,15390,1,0.664988174,-0.15,0.020000000000000018,0.005000000000000032
1105,0.138125,0,-25,25,-278,ff010001,6483968,5341184,15391,1,1.836881056,-0.125,0.024999999999999994,0.004999999999999977
1106,0.13825,0,-22,22,-278,ff010001,6483968,5341184,15391,1,1.836881056,-0.11,0.015,-0.009999999999999995
1107,0.138375,0,-20,20,-265,ff010001,6483968,5341184,15391,1,1.836881056,-0.1,0.009999999999999995,-0.0050000000000000044
1108,0.1385,0,-15,15,-275,ff010001,6557696,5451776,15392,1,2.540016785,-0.075,0.02500000000000001,0.015000000000000013
1109,0.138625,0,-12,12,-284,ff010001,6557696,5451776,15392,1,2.540016785,-0.06,0.015,-0.010000000000000009
1110,0.13875,0,-7,7,-288,ff010001,6557696,5451776,15392,1,2.540016785,-0.035,0.024999999999999994,0.009999999999999995
1111,0.138875,0,-1,1,-305,ff010001,6639616,5480448,15393,1,3.321278706,-0.005,0.030000000000000002,0.005000000000000008
1112,0.139,0,0,0,-290,ff010001,6639616,5480448,15393,1,3.321278706,0.0,0.005,-0.025
1113,0.139125,0,3,-3,-276,ff010001,6639616,5480448,15393,1,3.321278706,0.015,0.015,0.009999999999999998
1114,0.13925,0,8,-8,-296,ff010001,6696960,5525504,15394,1,3.868162051,0.04,0.025,0.010000000000000002
1115,0.139375,0,10,-10,-297,ff010001,6696960,5525504,15394,1,3.868162051,0.05,0.010000000000000002,-0.015
1116,0.1395,0,10,-10,-275,ff010001,6758400,5521408,15395,1,4.454108492,0.05,0.0,-0.010000000000000002
1117,0.139625,0,11,-11,-269,ff010001,6758400,5521408,15395,1,4.454108492,0.055,0.0049999999999999975,0.0049999999999999975
1118,0.13975,0,10,-10,-266,ff010001,6758400,5521408,15395,1,4.454108492,0.05,-0.0049999999999999975,-0.009999999999999995
1119,0.139875,0,11,-11,-267,ff010001,6791168,5550080,15396,1,4.76661326,0.055,0.0049999999999999975,0.009999999999999995
1120,0.14,0,10,-10,-268,ff010001,6791168,5550080,15396,1,4.76661326,0.05,-0.0049999999999999975,-0.009999999999999995
1121,0.140125,0,12,-12,-273,ff010001,6791168,5550080,15396,1,4.76661326,0.06,0.009999999999999995,0.014999999999999993
1122,0.14025,0,13,-13,-284,ff010001,6799360,5607424,15397,1,4.844739452,0.065,0.0050000000000000044,-0.0049999999999999906
1123,0.140375,0,14,-14,-280,ff010001,6799360,5607424,15397,1,4.844739452,0.07,0.0050000000000000044,0.0
1124,0.1405,0,13,-13,-270,ff010001,6799360,5607424,15397,1,4.844739452,0.065,-0.0050000000000000044,-0.010000000000000009
1125,0.140625,0,14,-14,-269,ff010001,6819840,5595136,15398,1,5.040054932,0.07,0.0050000000000000044,0.010000000000000009
1126,0.14075,0,16,-16,-283,ff010001,6819840,5595136,15398,1,5.040054932,0.08,0.009999999999999995,0.0049999999999999906
1127,0.140875,0,16,-16,-280,ff010001,6787072,5677056,15399,1,4.727550164,0.08,0.0,-0.009999999999999995
1128,0.141,0,20,-20,-290,ff010001,6787072,5677056,15399,1,4.727550164,0.1,0.020000000000000004,0.020000000000000004
1129,0.141125,0,20,-20,-291,ff010001,6787072,5677056,15399,1,4.727550164,0.1,0.0,-0.020000000000000004
1130,0.14125,0,20,-20,-273,ff010001,6766592,5627904,15400,1,4.532234684,0.1,0.0,0.0
1131,0.141375,0,16,-16,-252,ff010001,6766592,5627904,15400,1,4.532234684,0.08,-0.020000000000000004,-0.020000000000000004
1132,0.1415,0,16,-16,-250,ff010001,6766592,5627904,15400,1,4.532234684,0.08,0.0,0.020000000000000004
1133,0.141625,0,17,-17,-274,ff010001,6696960,5599232,15401,1,3.868162051,0.085,0.0050000000000000044,0.0050000000000000044
1134,0.14175,0,12,-12,-254,ff010001,6696960,5599232,15401,1,3.868162051,0.06,-0.02500000000000001,-0.030000000000000013
1135,0.141875,0,16,-16,-265,ff010001,6696960,5599232,15401,1,3.868162051,0.08,0.020000000000000004,0.04500000000000001
1136,0.142,0,11,-11,-266,ff010001,6631424,5652480,15402,1,3.243152514,0.055,-0.025,-0.045000000000000005
1137,0.142125,0,10,-10,-241,ff010001,6631424,5652480,15402,1,3.243152514,0.05,-0.0049999999999999975,0.020000000000000004
1138,0.14225,0,10,-10,-261,ff010001,6553600,5656576,15403,1,2.500953689,0.05,0.0,0.0049999999999999975
1139,0.142375,0,7,-7,-254,ff010001,6553600,5656576,15403,1,2.500953689,0.035,-0.015,-0.015
1140,0.1425,0,5,-5,-242,ff010001,6553600,5656576,15403,1,2.500953689,0.025,-0.010000000000000002,0.0049999999999999975
1141,0.142625,0,4,-4,-249,ff010001,6459392,5623808,15404,1,1.60250248,0.02,-0.005000000000000001,0.005000000000000001
1142,0.14275,0,5,-5,-263,ff010001,6459392,5623808,15404,1,1.60250248,0.025,0.005000000000000001,0.010000000000000002
1143,0.142875,0,0,0,-245,ff010001,6459392,5623808,15404,1,1.60250248,0.0,-0.025,-0.030000000000000002
1144,0.143,0,-5,5,-212,ff010001,6336512,5726208,15405,1,0.430609598,-0.025,-0.025,0.0
1145,0.143125,0,-7,7,-221,ff010001,6336512,5726208,15405,1,0.430609598,-0.035,-0.010000000000000002,0.015
1146,0.14325,0,-5,5,-255,ff010001,6336512,5726208,15405,1,0.430609598,-0.025,0.010000000000000002,0.020000000000000004
1147,0.143375,0,-10,10,-243,ff010001,6254592,5672960,15406,1,-0.350652323,-0.05,-0.025,-0.035
1148,0.1435,0,-10,10,-230,ff010001,6254592,5672960,15406,1,-0.350652323,-0.05,0.0,0.025
1149,0.143625,0,-15,15,-226,ff010001,6254592,5672960,15406,1,-0.350652323,-0.075,-0.024999999999999994,-0.024999999999999994
1150,0.14375,0,-17,17,-214,ff010001,6168576,5537792,15407,1,-1.17097734,-0.085,-0.010000000000000009,0.014999999999999986
1151,0.143875,0,-18,18,-230,ff010001,6168576,5537792,15407,1,-1.17097734,-0.09,-0.0049999999999999906,0.005000000000000018
1152,0.144,0,-20,20,-231,ff010001,6057984,5603328,15408,1,-2.225680934,-0.1,-0.010000000000000009,-0.005000000000000018
1153,0.144125,0,-23,23,-219,ff010001,6057984,5603328,15408,1,-2.225680934,-0.115,-0.015,-0.0049999999999999906
1154,0.14425,0,-28,28,-201,ff010001,6057984,5603328,15408,1,-2.225680934,-0.14,-0.02500000000000001,-0.010000000000000009
1155,0.144375,0,-25,25,-226,ff010001,5988352,5484544,15409,1,-2.889753567,-0.125,0.015000000000000013,0.04000000000000002
1156,0.1445,0,-30,30,-228,ff010001,5988352,5484544,15409,1,-2.889753567,-0.15,-0.024999999999999994,-0.04000000000000001
1157,0.144625,0,-35,35,-187,ff010001,5988352,5484544,15409,1,-2.889753567,-0.175,-0.024999999999999994,0.0
1158,0.14475,0,-30,30,-228,ff010001,5926912,5431296,15410,1,-3.475700008,-0.15,0.024999999999999994,0.04999999999999999
1159,0.144875,0,-30,30,-256,ff010001,5926912,5431296,15410,1,-3.475700008,-0.15,0.0,-0.024999999999999994
1160,0.145,0,-36,36,-205,ff010001,5926912,5431296,15410,1,-3.475700008,-0.18,-0.03,-0.03
1161,0.145125,0,-39,39,-182,ff010001,5857280,5480448,15411,1,-4.139772641,-0.195,-0.015000000000000013,0.014999999999999986
1162,0.14525,0,-33,33,-236,ff010001,5857280,5480448,15411,1,-4.139772641,-0.165,0.03,0.04500000000000001
1163,0.145375,0,-37,37,-238,ff010001,5812224,5468160,15412,1,-4.569466697,-0.185,-0.01999999999999999,-0.04999999999999999
1164,0.1455,0,-45,45,-168,ff010001,5812224,5468160,15412,1,-4.569466697,-0.225,-0.04000000000000001,-0.020000000000000018
1165,0.145625,0,-40,40,-201,ff010001,5812224,5468160,15412,1,-4.569466697,-0.2,0.024999999999999994,0.065
1166,0.14575,0,-34,34,-273,ff010001,5795840,5406720,15413,1,-4.725719081,-0.17,0.03,0.0050000000000000044
1167,0.145875,0,-45,45,-204,ff010001,5795840,5406720,15413,1,-4.725719081,-0.225,-0.05499999999999999,-0.08499999999999999
1168,0.146,0,-44,44,-168,ff010001,5795840,5406720,15413,1,-4.725719081,-0.22,0.0050000000000000044,0.06
1169,0.146125,0,-40,40,-236,ff010001,5804032,5361664,15414,1,-4.647592889,-0.2,0.01999999999999999,0.014999999999999986
1170,0.14625,0,-43,43,-225,ff010001,5804032,5361664,15414,1,-4.647592889,-0.215,-0.014999999999999986,-0.034999999999999976
1171,0.146375,0,-43,43,-203,ff010001,5804032,5361664,15414,1,-4.647592889,-0.215,0.0,0.014999999999999986
1172,0.1465,0,-40,40,-228,ff010001,5816320,5341184,15415,1,-4.530403601,-0.2,0.014999999999999986,0.014999999999999986
1173,0.146625,0,-43,43,-217,ff010001,5816320,5341184,15415,1,-4.530403601,-0.215,-0.014999999999999986,-0.02999999999999997
1174,0.14675,0,-43,43,-200,ff010001,5853184,5287936,15416,1,-4.178835737,-0.215,0.0,0.014999999999999986
1175,0.146875,0,-43,43,-211,ff010001,5853184,5287936,15416,1,-4.178835737,-0.215,0.0,0.0
1176,0.147,0,-43,43,-213,ff010001,5853184,5287936,15416,1,-4.178835737,-0.215,0.0,0.0
1177,0.147125,0,-39,39,-232,ff010001,5910528,5210112,15417,1,-3.631952392,-0.195,0.01999999999999999,0.01999999999999999
1178,0.14725,0,-41,41,-224,ff010001,5910528,5210112,15417,1,-3.631952392,-0.205,-0.009999999999999981,-0.02999999999999997
1179,0.147375,0,-39,39,-213,ff010001,5910528,5210112,15417,1,-3.631952392,-0.195,0.009999999999999981,0.019999999999999962
1180,0.1475,0,-38,38,-226,ff010001,5959680,5271552,15418,1,-3.163195239,-0.19,0.0050000000000000044,-0.004999999999999977
1181,0.147625,0,-37,37,-223,ff010001,5959680,5271552,15418,1,-3.163195239,-0.185,0.0050000000000000044,0.0
1182,0.14775,0,-37,37,-218,ff010001,5959680,5271552,15418,1,-3.163195239,-0.185,0.0,-0.0050000000000000044
1183,0.147875,0,-36,36,-217,ff010001,6041600,5189632,15419,1,-2.381933318,-0.18,0.0050000000000000044,0.0050000000000000044
1184,0.148,0,-31,31,-242,ff010001,6041600,5189632,15419,1,-2.381933318,-0.155,0.024999999999999994,0.01999999999999999
1185,0.148125,0,-25,25,-270,ff010001,6131712,5091328,15420,1,-1.522545205,-0.125,0.03,0.0050000000000000044
1186,0.14825,0,-25,25,-250,ff010001,6131712,5091328,15420,1,-1.522545205,-0.125,0.0,-0.03
1187,0.148375,0,-28,28,-204,ff010001,6131712,5091328,15420,1,-1.522545205,-0.14,-0.015000000000000013,-0.015000000000000013
1188,0.1485,0,-23,23,-223,ff010001,6201344,5152768,15421,1,-0.858472572,-0.115,0.02500000000000001,0.04000000000000002
1189,0.148625,0,-20,20,-257,ff010001,6201344,5152768,15421,1,-0.858472572,-0.1,0.015,-0.010000000000000009
1190,0.14875,0,-21,21,-234,ff010001,6201344,5152768,15421,1,-0.858472572,-0.105,-0.0049999999999999906,-0.01999999999999999
1191,0.148875,0,-20,20,-221,ff010001,6320128,5083136,15422,1,0.274357214,-0.1,0.0049999999999999906,0.009999999999999981
1192,0.149,0,-16,16,-245,ff010001,6320128,5083136,15422,1,0.274357214,-0.08,0.020000000000000004,0.015000000000000013
1193,0.149125,0,-18,18,-235,ff010001,6320128,5083136,15422,1,0.274357214,-0.09,-0.009999999999999995,-0.03
1194,0.14925,0,-16,16,-224,ff010001,6406144,5062656,15423,1,1.094682231,-0.08,0.009999999999999995,0.01999999999999999
1195,0.149375,0,-12,12,-253,ff010001,6406144,5062656,15423,1,1.094682231,-0.06,0.020000000000000004,0.010000000000000009
1196,0.1495,0,-12,12,-248,ff010001,6406144,5062656,15423,1,1.094682231,-0.06,0.0,-0.020000000000000004
1197,0.149625,0,-8,8,-247,ff010001,6471680,5128192,15424,1,1.719691768,-0.04,0.019999999999999997,0.019999999999999997
1198,0.14975,0,-5,5,-263,ff010001,6471680,5128192,15424,1,1.719691768,-0.025,0.015,-0.0049999999999999975
1199,0.149875,0,0,0,-271,ff010001,6582272,5033984,15425,1,2.774395361,0.0,0.025,0.010000000000000002
1200,0.15,0,0,0,-258,ff010001,6582272,5033984,15425,1,2.774395361,0.0,0.0,-0.025
1201,0.150125,0,0,0,-234,ff010001,6582272,5033984,15425,1,2.774395361,0.0,0.0,0.0
1202,0.15025,0,3,-3,-247,ff010001,6647808,4964352,15426,1,3.399404898,0.015,0.015,0.015
1203,0.150375,0,3,-3,-251,ff010001,6647808,4964352,15426,1,3.399404898,0.015,0.0,-0.015
1204,0.1505,0,10,-10,-272,ff010001,6647808,4964352,15426,1,3.399404898,0.05,0.035,0.035
1205,0.150625,0,10,-10,-276,ff010001,6713344,4972544,15427,1,4.024414435,0.05,0.0,-0.035
1206,0.15075,0,12,-12,-254,ff010001,6713344,4972544,15427,1,4.024414435,0.06,0.009999999999999995,0.009999999999999995
1207,0.150875,0,15,-15,-266,ff010001,6713344,4972544,15427,1,4.024414435,0.075,0.015,0.0050000000000000044
1208,0.151,0,15,-15,-260,ff010001,6754304,5013504,15428,1,4.415045396,0.075,0.0,-0.015
1209,0.151125,0,18,-18,-261,ff010001,6754304,5013504,15428,1,4.415045396,0.09,0.015,0.015
1210,0.15125,0,18,-18,-263,ff010001,6770688,5058560,15429,1,4.57129778,0.09,0.0,-0.015
1211,0.151375,0,20,-20,-260,ff010001,6770688,5058560,15429,1,4.57129778,0.1,0.010000000000000009,0.010000000000000009
1212,0.1515,0,20,-20,-261,ff010001,6770688,5058560,15429,1,4.57129778,0.1,0.0,-0.010000000000000009
1213,0.151625,0,25,-25,-277,ff010001,6778880,5091328,15430,1,4.649423972,0.125,0.024999999999999994,0.024999999999999994
1214,0.15175,0,23,-23,-270,ff010001,6778880,5091328,15430,1,4.649423972,0.115,-0.009999999999999995,-0.03499999999999999
1215,0.151875,0,26,-26,-261,ff010001,6778880,5091328,15430,1,4.649423972,0.13,0.015,0.024999999999999994
1216,0.152,0,22,-22,-251,ff010001,6766592,5079040,15431,1,4.532234684,0.11,-0.020000000000000004,-0.035
1217,0.152125,0,22,-22,-236,ff010001,6766592,5079040,15431,1,4.532234684,0.11,0.0,0.020000000000000004
1218,0.15225,0,25,-25,-269,ff010001,6766592,5079040,15431,1,4.532234684,0.125,0.015,0.015
1219,0.152375,0,22,-22,-259,ff010001,6729728,5074944,15432,1,4.180666819,0.11,-0.015,-0.03
1220,0.1525,0,26,-26,-263,ff010001,6729728,5074944,15432,1,4.180666819,0.13,0.020000000000000004,0.035
1221,0.152625,0,21,-21,-254,ff010001,6696960,5087232,15433,1,3.868162051,0.105,-0.02500000000000001,-0.04500000000000001
1222,0.15275,0,20,-20,-228,ff010001,6696960,5087232,15433,1,3.868162051,0.1,-0.0049999999999999906,0.020000000000000018
1223,0.152875,0,22,-22,-259,ff010001,6696960,5087232,15433,1,3.868162051,0.11,0.009999999999999995,0.014999999999999986
1224,0.153,0,20,-20,-258,ff010001,6643712,5042176,15434,1,3.360341802,0.1,-0.009999999999999995,-0.01999999999999999
1225,0.153125,0,17,-17,-233,ff010001,6643712,5042176,15434,1,3.360341802,0.085,-0.015,-0.0050000000000000044
1226,0.15325,0,15,-15,-229,ff010001,6643712,5042176,15434,1,3.360341802,0.075,-0.010000000000000009,0.0049999999999999906
1227,0.153375,0,10,-10,-218,ff010001,6574080,5095424,15435,1,2.696269169,0.05,-0.024999999999999994,-0.014999999999999986
1228,0.1535,0,14,-14,-245,ff010001,6574080,5095424,15435,1,2.696269169,0.07,0.020000000000000004,0.045
1229,0.153625,0,8,-8,-243,ff010001,6574080,5095424,15435,1,2.696269169,0.04,-0.030000000000000006,-0.05000000000000001
1230,0.15375,0,11,-11,-236,ff010001,6475776,5124096,15436,1,1.758754864,0.055,0.015,0.045000000000000005
1231,0.153875,0,7,-7,-243,ff010001,6475776,5124096,15436,1,1.758754864,0.035,-0.019999999999999997,-0.034999999999999996
1232,0.154,0,7,-7,-229,ff010001,6414336,5144576,15437,1,1.172808423,0.035,0.0,0.019999999999999997
1233,0.154125,0,0,0,-211,ff010001,6414336,5144576,15437,1,1.172808423,0.0,-0.035,-0.035
1234,0.15425,0,1,-1,-213,ff010001,6414336,5144576,15437,1,1.172808423,0.005,0.005,0.04
1235,0.154375,0,0,0,-241,ff010001,6307840,5189632,15438,1,0.157167926,0.0,-0.005,-0.01
1236,0.1545,0,0,0,-239,ff010001,6307840,5189632,15438,1,0.157167926,0.0,0.0,0.005
1237,0.154625,0,0,0,-241,ff010001,6307840,5189632,15438,1,0.157167926,0.0,0.0,0.0
1238,0.15475,0,-6,6,-212,ff010001,6230016,5206016,15439,1,-0.5850309,-0.03,-0.03,-0.03
1239,0.154875,0,-3,3,-221,ff010001,6230016,5206016,15439,1,-0.5850309,-0.015,0.015,0.045
1240,0.155,0,-8,8,-227,ff010001,6230016,5206016,15439,1,-0.5850309,-0.04,-0.025,-0.04
1241,0.155125,0,-10,10,-202,ff010001,6131712,5169152,15440,1,-1.522545205,-0.05,-0.010000000000000002,0.015
1242,0.15525,0,-11,11,-217,ff010001,6131712,5169152,15440,1,-1.522545205,-0.055,-0.0049999999999999975,0.0050000000000000044
1243,0.155375,0,-18,18,-194,ff010001,6041600,5283840,15441,1,-2.381933318,-0.09,-0.034999999999999996,-0.03
1244,0.1555,0,-20,20,-184,ff010001,6041600,5283840,15441,1,-2.381933318,-0.1,-0.010000000000000009,0.024999999999999988
1245,0.155625,0,-20,20,-215,ff010001,6041600,5283840,15441,1,-2.381933318,-0.1,0.0,0.010000000000000009
1246,0.15575,0,-20,20,-228,ff010001,5984256,5218304,15442,1,-2.928816663,-0.1,0.0,0.0
1247,0.155875,0,-23,23,-212,ff010001,5984256,5218304,15442,1,-2.928816663,-0.115,-0.015,-0.015
1248,0.156,0,-23,23,-208,ff010001,5984256,5218304,15442,1,-2.928816663,-0.115,0.0,0.015
1249,0.156125,0,-25,25,-211,ff010001,5914624,5349376,15443,1,-3.592889296,-0.125,-0.009999999999999995,-0.009999999999999995
1250,0.15625,0,-23,23,-220,ff010001,5914624,5349376,15443,1,-3.592889296,-0.115,0.009999999999999995,0.01999999999999999
1251,0.156375,0,-23,23,-229,ff010001,5914624,5349376,15443,1,-3.592889296,-0.115,0.0,-0.009999999999999995
1252,0.1565,0,-25,25,-210,ff010001,5853184,5373952,15444,1,-4.178835737,-0.125,-0.009999999999999995,-0.009999999999999995
1253,0.156625,0,-29,29,-187,ff010001,5853184,5373952,15444,1,-4.178835737,-0.145,-0.01999999999999999,-0.009999999999999995
1254,0.15675,0,-30,30,-189,ff010001,5853184,5373952,15444,1,-4.178835737,-0.15,-0.0050000000000000044,0.014999999999999986
1255,0.156875,0,-25,25,-232,ff010001,5844992,5345280,15445,1,-4.256961929,-0.125,0.024999999999999994,0.03
1256,0.157,0,-30,30,-218,ff010001,5844992,5345280,15445,1,-4.256961929,-0.15,-0.024999999999999994,-0.04999999999999999
1257,0.157125,0,-27,27,-205,ff010001,5799936,5476352,15446,1,-4.686655985,-0.135,0.014999999999999986,0.03999999999999998
1258,0.15725,0,-25,25,-237,ff010001,5799936,5476352,15446,1,-4.686655985,-0.125,0.010000000000000009,-0.004999999999999977
1259,0.157375,0,-25,25,-226,ff010001,5799936,5476352,15446,1,-4.686655985,-0.125,0.0,-0.010000000000000009
1260,0.1575,0,-29,29,-195,ff010001,5799936,5447680,15447,1,-4.686655985,-0.145,-0.01999999999999999,-0.01999999999999999
1261,0.157625,0,-31,31,-181,ff010001,5799936,5447680,15447,1,-4.686655985,-0.155,-0.010000000000000009,0.009999999999999981
1262,0.15775,0,-25,25,-228,ff010001,5799936,5447680,15447,1,-4.686655985,-0.125,0.03,0.04000000000000001
1263,0.157875,0,-26,26,-240,ff010001,5844992,5414912,15448,1,-4.256961929,-0.13,-0.0050000000000000044,-0.035
1264,0.158,0,-28,28,-202,ff010001,5844992,5414912,15448,1,-4.256961929,-0.14,-0.010000000000000009,-0.0050000000000000044
1265,0.158125,0,-29,29,-196,ff010001,5844992,5414912,15448,1,-4.256961929,-0.145,-0.004999999999999977,0.005000000000000032
1266,0.15825,0,-27,27,-215,ff010001,5865472,5414912,15449,1,-4.061646448,-0.135,0.009999999999999981,0.014999999999999958
1267,0.158375,0,-27,27,-222,ff010001,5865472,5414912,15449,1,-4.061646448,-0.135,0.0,-0.009999999999999981
1268,0.1585,0,-32,32,-188,ff010001,5926912,5414912,15450,1,-3.475700008,-0.16,-0.024999999999999994,-0.024999999999999994
1269,0.158625,0,-28,28,-203,ff010001,5926912,5414912,15450,1,-3.475700008,-0.14,0.01999999999999999,0.044999999999999984
1270,0.15875,0,-31,31,-214,ff010001,5926912,5414912,15450,1,-3.475700008,-0.155,-0.014999999999999986,-0.034999999999999976
1271,0.158875,0,-31,31,-195,ff010001,5984256,5423104,15451,1,-2.928816663,-0.155,0.0,0.014999999999999986
1272,0.159,0,-30,30,-211,ff010001,5984256,5423104,15451,1,-2.928816663,-0.15,0.0050000000000000044,0.0050000000000000044
1273,0.159125,0,-25,25,-237,ff010001,5984256,5423104,15451,1,-2.928816663,-0.125,0.024999999999999994,0.01999999999999999
1274,0.15925,0,-25,25,-235,ff010001,6057984,5423104,15452,1,-2.225680934,-0.125,0.0,-0.024999999999999994
1275,0.159375,0,-20,20,-234,ff010001,6057984,5423104,15452,1,-2.225680934,-0.1,0.024999999999999994,0.024999999999999994
1276,0.1595,0,-19,19,-239,ff010001,6057984,5423104,15452,1,-2.225680934,-0.095,0.0050000000000000044,-0.01999999999999999
1277,0.159625,0,-17,17,-226,ff010001,6123520,5513216,15453,1,-1.600671397,-0.085,0.009999999999999995,0.0049999999999999906
1278,0.15975,0,-12,12,-245,ff010001,6123520,5513216,15453,1,-1.600671397,-0.06,0.02500000000000001,0.015000000000000013
1279,0.159875,0,-10,10,-249,ff010001,6230016,5451776,15454,1,-0.5850309,-0.05,0.009999999999999995,-0.015000000000000013
1280,0.16,0,-12,12,-218,ff010001,6230016,5451776,15454,1,-0.5850309,-0.06,-0.009999999999999995,-0.01999999999999999
1281,0.160125,0,-12,12,-205,ff010001,6230016,5451776,15454,1,-0.5850309,-0.06,0.0,0.009999999999999995
1282,0.16025,0,-10,10,-225,ff010001,6316032,5464064,15455,1,0.235294118,-0.05,0.009999999999999995,0.009999999999999995
1283,0.160375,0,-8,8,-239,ff010001,6316032,5464064,15455,1,0.235294118,-0.04,0.010000000000000002,6.938893903907228e-18
1284,0.1605,0,-6,6,-241,ff010001,6316032,5464064,15455,1,0.235294118,-0.03,0.010000000000000002,0.0
1285,0.160625,0,-4,4,-242,ff010001,6385664,5468160,15456,1,0.899366751,-0.02,0.009999999999999998,-3.469446951953614e-18
1286,0.16075,0,-3,3,-238,ff010001,6385664,5468160,15456,1,0.899366751,-0.015,0.005000000000000001,-0.0049999999999999975
1287,0.160875,0,0,0,-243,ff010001,6385664,5468160,15456,1,0.899366751,0.0,0.015,0.009999999999999998
1288,0.161,0,0,0,-240,ff010001,6463488,5414912,15457,1,1.641565576,0.0,0.0,-0.015
1289,0.161125,0,8,-8,-265,ff010001,6463488,5414912,15457,1,1.641565576,0.04,0.04,0.04
1290,0.16125,0,10,-10,-280,ff010001,6463488,5414912,15457,1,1.641565576,0.05,0.010000000000000002,-0.03
1291,0.161375,0,12,-12,-254,ff010001,6553600,5406720,15458,1,2.500953689,0.06,0.009999999999999995,-6.938893903907228e-18
1292,0.1615,0,15,-15,-257,ff010001,6553600,5406720,15458,1,2.500953689,0.075,0.015,0.0050000000000000044
1293,0.161625,0,18,-18,-264,ff010001,6619136,5406720,15459,1,3.125963226,0.09,0.015,0.0
1294,0.16175,0,16,-16,-243,ff010001,6619136,5406720,15459,1,3.125963226,0.08,-0.009999999999999995,-0.024999999999999994
1295,0.161875,0,15,-15,-223,ff010001,6619136,5406720,15459,1,3.125963226,0.075,-0.0050000000000000044,0.0049999999999999906
1296,0.162,0,20,-20,-256,ff010001,6635520,5509120,15460,1,3.28221561,0.1,0.02500000000000001,0.030000000000000013
1297,0.162125,0,20,-20,-268,ff010001,6635520,5509120,15460,1,3.28221561,0.1,0.0,-0.02500000000000001
1298,0.16225,0,18,-18,-236,ff010001,6635520,5509120,15460,1,3.28221561,0.09,-0.010000000000000009,-0.010000000000000009
1299,0.162375,0,18,-18,-232,ff010001,6664192,5459968,15461,1,3.555657282,0.09,0.0,0.010000000000000009
1300,0.1625,0,18,-18,-242,ff010001,6664192,5459968,15461,1,3.555657282,0.09,0.0,0.0
1301,0.162625,0,20,-20,-254,ff010001,6664192,5459968,15461,1,3.555657282,0.1,0.010000000000000009,0.010000000000000009
1302,0.16275,0,21,-21,-261,ff010001,6709248,5406720,15462,1,3.985351339,0.105,0.0049999999999999906,-0.005000000000000018
1303,0.162875,0,21,-21,-252,ff010001,6709248,5406720,15462,1,3.985351339,0.105,0.0,-0.0049999999999999906
1304,0.163,0,20,-20,-241,ff010001,6713344,5357568,15463,1,4.024414435,0.1,-0.0049999999999999906,-0.0049999999999999906
1305,0.163125,0,18,-18,-230,ff010001,6713344,5357568,15463,1,4.024414435,0.09,-0.010000000000000009,-0.005000000000000018
1306,0.16325,0,18,-18,-234,ff010001,6713344,5357568,15463,1,4.024414435,0.09,0.0,0.010000000000000009
1307,0.163375,0,18,-18,-244,ff010001,6692864,5357568,15464,1,3.829098955,0.09,0.0,0.0
1308,0.1635,0,14,-14,-226,ff010001,6692864,5357568,15464,1,3.829098955,0.07,-0.01999999999999999,-0.01999999999999999
1309,0.163625,0,14,-14,-223,ff010001,6692864,5357568,15464,1,3.829098955,0.07,0.0,0.01999999999999999
1310,0.16375,0,17,-17,-256,ff010001,6660096,5324800,15465,1,3.516594186,0.085,0.015,0.015
1311,0.163875,0,16,-16,-255,ff010001,6660096,5324800,15465,1,3.516594186,0.08,-0.0050000000000000044,-0.020000000000000004
1312,0.164,0,11,-11,-215,ff010001,6660096,5324800,15465,1,3.516594186,0.055,-0.025,-0.019999999999999997
1313,0.164125,0,11,-11,-214,ff010001,6606848,5402624,15466,1,3.008773938,0.055,0.0,0.025
1314,0.16425,0,13,-13,-248,ff010001,6606848,5402624,15466,1,3.008773938,0.065,0.010000000000000002,0.010000000000000002
1315,0.164375,0,7,-7,-223,ff010001,6537216,5455872,15467,1,2.344701305,0.035,-0.03,-0.04
1316,0.1645,0,10,-10,-223,ff010001,6537216,5455872,15467,1,2.344701305,0.05,0.015,0.045
1317,0.164625,0,11,-11,-257,ff010001,6537216,5455872,15467,1,2.344701305,0.055,0.0049999999999999975,-0.010000000000000002
1318,0.16475,0,7,-7,-227,ff010001,6463488,5451776,15468,1,1.641565576,0.035,-0.019999999999999997,-0.024999999999999994
1319,0.164875,0,5,-5,-207,ff010001,6463488,5451776,15468,1,1.641565576,0.025,-0.010000000000000002,0.009999999999999995
1320,0.165,0,5,-5,-224,ff010001,6463488,5451776,15468,1,1.641565576,0.025,0.0,0.010000000000000002
1321,0.165125,0,7,-7,-245,ff010001,6406144,5406720,15469,1,1.094682231,0.035,0.010000000000000002,0.010000000000000002
1322,0.16525,0,1,-1,-219,ff010001,6406144,5406720,15469,1,1.094682231,0.005,-0.030000000000000002,-0.04000000000000001
1323,0.165375,0,0,0,-199,ff010001,6406144,5406720,15469,1,1.094682231,0.0,-0.005,0.025
1324,0.1655,0,0,0,-225,ff010001,6328320,5349376,15470,1,0.352483406,0.0,0.0,0.005
1325,0.165625,0,3,-3,-248,ff010001,6328320,5349376,15470,1,0.352483406,0.015,0.015,0.015
1326,0.16575,0,1,-1,-240,ff010001,6266880,5287936,15471,1,-0.233463035,0.005,-0.009999999999999998,-0.024999999999999998
1327,0.165875,0,-4,4,-199,ff010001,6266880,5287936,15471,1,-0.233463035,-0.02,-0.025,-0.015000000000000003
1328,0.166,0,4,-4,-242,ff010001,6266880,5287936,15471,1,-0.233463035,0.02,0.04,0.065
1329,0.166125,0,-11,11,-199,ff010001,6189056,5275648,15472,1,-0.97566186,-0.055,-0.075,-0.11499999999999999
1330,0.16625,0,0,0,-207,ff010001,6189056,5275648,15472,1,-0.97566186,0.0,0.055,0.13
1331,0.166375,0,-13,13,-218,ff010001,6189056,5275648,15472,1,-0.97566186,-0.065,-0.065,-0.12
1332,0.1665,0,3,-3,-242,ff010001,6086656,5287936,15473,1,-1.952239261,0.015,0.08,0.14500000000000002
1333,0.166625,0,-10,10,-245,ff010001,6086656,5287936,15473,1,-1.952239261,-0.05,-0.065,-0.14500000000000002
1334,0.16675,0,-15,15,-142,ff010001,6086656,5287936,15473,1,-1.952239261,-0.075,-0.024999999999999994,0.04000000000000001
1335,0.166875,0,-15,15,-190,ff010001,6033408,5283840,15474,1,-2.46005951,-0.075,0.0,0.024999999999999994
1336,0.167,0,-15,15,-221,ff010001,6033408,5283840,15474,1,-2.46005951,-0.075,0.0,0.0
1337,0.167125,0,-20,20,-200,ff010001,6033408,5283840,15474,1,-2.46005951,-0.1,-0.02500000000000001,-0.02500000000000001
1338,0.16725,0,-20,20,-194,ff010001,5984256,5230592,15475,1,-2.928816663,-0.1,0.0,0.02500000000000001
1339,0.167375,0,-20,20,-216,ff010001,5984256,5230592,15475,1,-2.928816663,-0.1,0.0,0.0
1340,0.1675,0,-20,20,-217,ff010001,5918720,5320704,15476,1,-3.5538262,-0.1,0.0,0.0
1341,0.167625,0,-23,23,-201,ff010001,5918720,5320704,15476,1,-3.5538262,-0.115,-0.015,-0.015
1342,0.16775,0,-22,22,-202,ff010001,5918720,5320704,15476,1,-3.5538262,-0.11,0.0050000000000000044,0.020000000000000004
1343,0.167875,0,-22,22,-216,ff010001,5877760,5255168,15477,1,-3.94445716,-0.11,0.0,-0.0050000000000000044
1344,0.168,0,-26,26,-193,ff010001,5877760,5255168,15477,1,-3.94445716,-0.13,-0.020000000000000004,-0.020000000000000004
1345,0.168125,0,-25,25,-194,ff010001,5877760,5255168,15477,1,-3.94445716,-0.125,0.0050000000000000044,0.02500000000000001
1346,0.16825,0,-28,28,-198,ff010001,5865472,5259264,15478,1,-4.061646448,-0.14,-0.015000000000000013,-0.020000000000000018
1347,0.168375,0,-31,31,-179,ff010001,5865472,5259264,15478,1,-4.061646448,-0.155,-0.014999999999999986,2.7755575615628914e-17
1348,0.1685,0,-31,31,-189,ff010001,5865472,5259264,15478,1,-4.061646448,-0.155,0.0,0.014999999999999986
1349,0.168625,0,-28,28,-219,ff010001,5861376,5251072,15479,1,-4.100709545,-0.14,0.014999999999999986,0.014999999999999986
1350,0.16875,0,-29,29,-217,ff010001,5861376,5251072,15479,1,-4.100709545,-0.145,-0.004999999999999977,-0.019999999999999962
1351,0.168875,0,-30,30,-196,ff010001,5877760,5177344,15480,1,-3.94445716,-0.15,-0.0050000000000000044,-2.7755575615628914e-17
1352,0.169,0,-30,30,-197,ff010001,5877760,5177344,15480,1,-3.94445716,-0.15,0.0,0.0050000000000000044
1353,0.169125,0,-30,30,-201,ff010001,5877760,5177344,15480,1,-3.94445716,-0.15,0.0,0.0
1354,0.16925,0,-31,31,-197,ff010001,5910528,5251072,15481,1,-3.631952392,-0.155,-0.0050000000000000044,-0.0050000000000000044
1355,0.169375,0,-31,31,-196,ff010001,5910528,5251072,15481,1,-3.631952392,-0.155,0.0,0.0050000000000000044
1356,0.1695,0,-33,33,-190,ff010001,5910528,5251072,15481,1,-3.631952392,-0.165,-0.010000000000000009,-0.010000000000000009
1357,0.169625,0,-32,32,-194,ff010001,5967872,5181440,15482,1,-3.085069047,-0.16,0.0050000000000000044,0.015000000000000013
1358,0.16975,0,-25,25,-238,ff010001,5967872,5181440,15482,1,-3.085069047,-0.125,0.035,0.03
1359,0.169875,0,-25,25,-238,ff010001,5967872,5181440,15482,1,-3.085069047,-0.125,0.0,-0.035
1360,0.17,0,-24,24,-209,ff010001,5996544,5242880,15483,1,-2.811627375,-0.12,0.0050000000000000044,0.0050000000000000044
1361,0.170125,0,-23,23,-210,ff010001,5996544,5242880,15483,1,-2.811627375,-0.115,0.0049999999999999906,-1.3877787807814457e-17
1362,0.17025,0,-20,20,-221,ff010001,6094848,5160960,15484,1,-1.874113069,-0.1,0.015,0.010000000000000009
1363,0.170375,0,-20,20,-219,ff010001,6094848,5160960,15484,1,-1.874113069,-0.1,0.0,-0.015
1364,0.1705,0,-18,18,-214,ff010001,6094848,5160960,15484,1,-1.874113069,-0.09,0.010000000000000009,0.010000000000000009
1365,0.170625,0,-15,15,-229,ff010001,6144000,5271552,15485,1,-1.405355917,-0.075,0.015,0.0049999999999999906
1366,0.17075,0,-12,12,-237,ff010001,6144000,5271552,15485,1,-1.405355917,-0.06,0.015,0.0
1367,0.170875,0,-12,12,-225,ff010001,6144000,5271552,15485,1,-1.405355917,-0.06,0.0,-0.015
1368,0.171,0,-10,10,-220,ff010001,6250496,5189632,15486,1,-0.389715419,-0.05,0.009999999999999995,0.009999999999999995
1369,0.171125,0,-9,9,-225,ff010001,6250496,5189632,15486,1,-0.389715419,-0.045,0.0050000000000000044,-0.0049999999999999906
1370,0.17125,0,-5,5,-237,ff010001,6250496,5189632,15486,1,-0.389715419,-0.025,0.019999999999999997,0.014999999999999993
1371,0.171375,0,-10,10,-211,ff010001,6324224,5222400,15487,1,0.31342031,-0.05,-0.025,-0.045
1372,0.1715,0,-10,10,-189,ff010001,6324224,5222400,15487,1,0.31342031,-0.05,0.0,0.025
1373,0.171625,0,-4,4,-240,ff010001,6389760,5193728,15488,1,0.938429847,-0.02,0.030000000000000002,0.030000000000000002
1374,0.17175,0,-3,3,-253,ff010001,6389760,5193728,15488,1,0.938429847,-0.015,0.005000000000000001,-0.025
1375,0.171875,0,-2,2,-230,ff010001,6389760,5193728,15488,1,0.938429847,-0.01,0.004999999999999999,-1.734723475976807e-18
1376,0.172,0,5,-5,-256,ff010001,6475776,5160960,15489,1,1.758754864,0.025,0.035,0.030000000000000006
1377,0.172125,0,5,-5,-256,ff010001,6475776,5160960,15489,1,1.758754864,0.025,0.0,-0.035
1378,0.17225,0,9,-9,-242,ff010001,6475776,5160960,15489,1,1.758754864,0.045,0.019999999999999997,0.019999999999999997
1379,0.172375,0,12,-12,-257,ff010001,6565888,5169152,15490,1,2.618142977,0.06,0.015,-0.0049999999999999975
1380,0.1725,0,10,-10,-232,ff010001,6565888,5169152,15490,1,2.618142977,0.05,-0.009999999999999995,-0.024999999999999994
1381,0.172625,0,16,-16,-245,ff010001,6565888,5169152,15490,1,2.618142977,0.08,0.03,0.039999999999999994
1382,0.17275,0,13,-13,-244,ff010001,6639616,5095424,15491,1,3.321278706,0.065,-0.015,-0.045
1383,0.172875,0,16,-16,-231,ff010001,6639616,5095424,15491,1,3.321278706,0.08,0.015,0.03
1384,0.173,0,15,-15,-240,ff010001,6639616,5095424,15491,1,3.321278706,0.075,-0.0050000000000000044,-0.020000000000000004
1385,0.173125,0,15,-15,-228,ff010001,6684672,5136384,15492,1,3.750972763,0.075,0.0,0.0050000000000000044
1386,0.17325,0,15,-15,-232,ff010001,6684672,5136384,15492,1,3.750972763,0.075,0.0,0.0
1387,0.173375,0,15,-15,-234,ff010001,6705152,5144576,15493,1,3.946288243,0.075,0.0,0.0
1388,0.1735,0,18,-18,-249,ff010001,6705152,5144576,15493,1,3.946288243,0.09,0.015,0.015
1389,0.173625,0,15,-15,-236,ff010001,6705152,5144576,15493,1,3.946288243,0.075,-0.015,-0.03
1390,0.17375,0,17,-17,-230,ff010001,6717440,5251072,15494,1,4.063477531,0.085,0.010000000000000009,0.02500000000000001
1391,0.173875,0,17,-17,-244,ff010001,6717440,5251072,15494,1,4.063477531,0.085,0.0,-0.010000000000000009
1392,0.174,0,20,-20,-251,ff010001,6717440,5251072,15494,1,4.063477531,0.1,0.015,0.015
1393,0.174125,0,22,-22,-261,ff010001,6729728,5267456,15495,1,4.180666819,0.11,0.009999999999999995,-0.0050000000000000044
1394,0.17425,0,24,-24,-258,ff010001,6729728,5267456,15495,1,4.180666819,0.12,0.009999999999999995,0.0
1395,0.174375,0,24,-24,-249,ff010001,6729728,5267456,15495,1,4.180666819,0.12,0.0,-0.009999999999999995
1396,0.1745,0,23,-23,-234,ff010001,6750208,5128192,15496,1,4.3759823,0.115,-0.0049999999999999906,-0.0049999999999999906
1397,0.174625,0,28,-28,-257,ff010001,6750208,5128192,15496,1,4.3759823,0.14,0.02500000000000001,0.03
1398,0.17475,0,24,-24,-248,ff010001,6717440,5156864,15497,1,4.063477531,0.12,-0.020000000000000018,-0.045000000000000026
1399,0.174875,0,21,-21,-208,ff010001,6717440,5156864,15497,1,4.063477531,0.105,-0.015,0.005000000000000018
1400,0.175,0,24,-24,-238,ff010001,6717440,5156864,15497,1,4.063477531,0.12,0.015,0.03
1401,0.175125,0,22,-22,-248,ff010001,6684672,5144576,15498,1,3.750972763,0.11,-0.009999999999999995,-0.024999999999999994
1402,0.17525,0,21,-21,-230,ff010001,6684672,5144576,15498,1,3.750972763,0.105,-0.0050000000000000044,0.0049999999999999906
1403,0.175375,0,18,-18,-222,ff010001,6684672,5144576,15498,1,3.750972763,0.09,-0.015,-0.009999999999999995
1404,0.1755,0,18,-18,-226,ff010001,6643712,5160960,15499,1,3.360341802,0.09,0.0,0.015
1405,0.175625,0,19,-19,-245,ff010001,6643712,5160960,15499,1,3.360341802,0.095,0.0050000000000000044,0.0050000000000000044
1406,0.17575,0,15,-15,-228,ff010001,6643712,5160960,15499,1,3.360341802,0.075,-0.020000000000000004,-0.02500000000000001
1407,0.175875,0,16,-16,-224,ff010001,6574080,5165056,15500,1,2.696269169,0.08,0.0050000000000000044,0.02500000000000001
1408,0.176,0,12,-12,-223,ff010001,6574080,5165056,15500,1,2.696269169,0.06,-0.020000000000000004,-0.02500000000000001
1409,0.176125,0,15,-15,-232,ff010001,6463488,5263360,15501,1,1.641565576,0.075,0.015,0.035
1410,0.17625,0,10,-10,-228,ff010001,6463488,5263360,15501,1,1.641565576,0.05,-0.024999999999999994,-0.039999999999999994
1411,0.176375,0,8,-8,-202,ff010001,6463488,5263360,15501,1,1.641565576,0.04,-0.010000000000000002,0.014999999999999993
1412,0.1765,0,10,-10,-232,ff010001,6414336,5234688,15502,1,1.172808423,0.05,0.010000000000000002,0.020000000000000004
1413,0.176625,0,3,-3,-211,ff010001,6414336,5234688,15502,1,1.172808423,0.015,-0.035,-0.045000000000000005
1414,0.17675,0,1,-1,-188,ff010001,6414336,5234688,15502,1,1.172808423,0.005,-0.009999999999999998,0.025000000000000005
1415,0.176875,0,1,-1,-217,ff010001,6316032,5267456,15503,1,0.235294118,0.005,0.0,0.009999999999999998
1416,0.177,0,1,-1,-230,ff010001,6316032,5267456,15503,1,0.235294118,0.005,0.0,0.0
1417,0.177125,0,0,0,-225,ff010001,6316032,5267456,15503,1,0.235294118,0.0,-0.005,-0.005
1418,0.17725,0,-2,2,-213,ff010001,6246400,5275648,15504,1,-0.428778515,-0.01,-0.01,-0.005
1419,0.177375,0,-6,6,-196,ff010001,6246400,5275648,15504,1,-0.428778515,-0.03,-0.019999999999999997,-0.009999999999999997
1420,0.1775,0,-7,7,-197,ff010001,6246400,5275648,15504,1,-0.428778515,-0.035,-0.0050000000000000044,0.014999999999999993
1421,0.177625,0,-6,6,-221,ff010001,6139904,5402624,15505,1,-1.444419013,-0.03,0.0050000000000000044,0.010000000000000009
1422,0.17775,0,-10,10,-209,ff010001,6139904,5402624,15505,1,-1.444419013,-0.05,-0.020000000000000004,-0.02500000000000001
1423,0.177875,0,-14,14,-181,ff010001,6103040,5320704,15506,1,-1.795986877,-0.07,-0.020000000000000004,0.0
1424,0.178,0,-21,21,-162,ff010001,6103040,5320704,15506,1,-1.795986877,-0.105,-0.03499999999999999,-0.014999999999999986
1425,0.178125,0,-22,22,-172,ff010001,6103040,5320704,15506,1,-1.795986877,-0.11,-0.0050000000000000044,0.029999999999999985
1426,0.17825,0,-25,25,-192,ff010001,6029312,5275648,15507,1,-2.499122606,-0.125,-0.015,-0.009999999999999995
1427,0.178375,0,-27,27,-187,ff010001,6029312,5275648,15507,1,-2.499122606,-0.135,-0.010000000000000009,0.0049999999999999906
1428,0.1785,0,-25,25,-208,ff010001,6029312,5275648,15507,1,-2.499122606,-0.125,0.010000000000000009,0.020000000000000018
1429,0.178625,0,-29,29,-198,ff010001,5980160,5296128,15508,1,-2.967879759,-0.145,-0.01999999999999999,-0.03
1430,0.17875,0,-29,29,-185,ff010001,5980160,5296128,15508,1,-2.967879759,-0.145,0.0,0.01999999999999999
1431,0.178875,0,-29,29,-201,ff010001,5980160,5296128,15508,1,-2.967879759,-0.145,0.0,0.0
1432,0.179,0,-28,28,-206,ff010001,5926912,5394432,15509,1,-3.475700008,-0.14,0.004999999999999977,0.004999999999999977
1433,0.179125,0,-28,28,-206,ff010001,5926912,5394432,15509,1,-3.475700008,-0.14,0.0,-0.004999999999999977
1434,0.17925,0,-25,25,-215,ff010001,5910528,5324800,15510,1,-3.631952392,-0.125,0.015000000000000013,0.015000000000000013
1435,0.179375,0,-28,28,-201,ff010001,5910528,5324800,15510,1,-3.631952392,-0.14,-0.015000000000000013,-0.030000000000000027
1436,0.1795,0,-30,30,-175,ff010001,5910528,5324800,15510,1,-3.631952392,-0.15,-0.009999999999999981,0.005000000000000032
1437,0.179625,0,-30,30,-186,ff010001,5873664,5439488,15511,1,-3.983520256,-0.15,0.0,0.009999999999999981
1438,0.17975,0,-30,30,-197,ff010001,5873664,5439488,15511,1,-3.983520256,-0.15,0.0,0.0
1439,0.179875,0,-33,33,-184,ff010001,5873664,5439488,15511,1,-3.983520256,-0.165,-0.015000000000000013,-0.015000000000000013
1440,0.18,0,-33,33,-182,ff010001,5898240,5316608,15512,1,-3.74914168,-0.165,0.0,0.015000000000000013
1441,0.180125,0,-31,31,-205,ff010001,5898240,5316608,15512,1,-3.74914168,-0.155,0.010000000000000009,0.010000000000000009
1442,0.18025,0,-31,31,-207,ff010001,5898240,5316608,15512,1,-3.74914168,-0.155,0.0,-0.010000000000000009
1443,0.180375,0,-31,31,-197,ff010001,5906432,5402624,15513,1,-3.671015488,-0.155,0.0,0.0
1444,0.1805,0,-31,31,-195,ff010001,5906432,5402624,15513,1,-3.671015488,-0.155,0.0,0.0
1445,0.180625,0,-27,27,-214,ff010001,5935104,5427200,15514,1,-3.397573816,-0.135,0.01999999999999999,0.01999999999999999
1446,0.18075,0,-25,25,-226,ff010001,5935104,5427200,15514,1,-3.397573816,-0.125,0.010000000000000009,-0.009999999999999981
1447,0.180875,0,-25,25,-208,ff010001,5935104,5427200,15514,1,-3.397573816,-0.125,0.0,-0.010000000000000009
1448,0.181,0,-20,20,-221,ff010001,5967872,5459968,15515,1,-3.085069047,-0.1,0.024999999999999994,0.024999999999999994
1449,0.181125,0,-21,21,-218,ff010001,5967872,5459968,15515,1,-3.085069047,-0.105,-0.0049999999999999906,-0.029999999999999985
1450,0.18125,0,-17,17,-214,ff010001,5967872,5459968,15515,1,-3.085069047,-0.085,0.01999999999999999,0.02499999999999998
1451,0.181375,0,-18,18,-215,ff010001,6037504,5419008,15516,1,-2.420996414,-0.09,-0.0049999999999999906,-0.02499999999999998
1452,0.1815,0,-12,12,-226,ff010001,6037504,5419008,15516,1,-2.420996414,-0.06,0.03,0.03499999999999999
1453,0.181625,0,-12,12,-234,ff010001,6037504,5419008,15516,1,-2.420996414,-0.06,0.0,-0.03
1454,0.18175,0,-14,14,-197,ff010001,6111232,5427200,15517,1,-1.717860685,-0.07,-0.010000000000000009,-0.010000000000000009
1455,0.181875,0,-15,15,-188,ff010001,6111232,5427200,15517,1,-1.717860685,-0.075,-0.0049999999999999906,0.005000000000000018
1456,0.182,0,-16,16,-193,ff010001,6148096,5480448,15518,1,-1.366292821,-0.08,-0.0050000000000000044,-1.3877787807814457e-17
1457,0.182125,0,-15,15,-205,ff010001,6148096,5480448,15518,1,-1.366292821,-0.075,0.0050000000000000044,0.010000000000000009
1458,0.18225,0,-12,12,-226,ff010001,6148096,5480448,15518,1,-1.366292821,-0.06,0.015,0.009999999999999995
1459,0.182375,0,-10,10,-233,ff010001,6254592,5357568,15519,1,-0.350652323,-0.05,0.009999999999999995,-0.0050000000000000044
1460,0.1825,0,-7,7,-233,ff010001,6254592,5357568,15519,1,-0.350652323,-0.035,0.015,0.0050000000000000044
1461,0.182625,0,-10,10,-209,ff010001,6254592,5357568,15519,1,-0.350652323,-0.05,-0.015,-0.03
1462,0.18275,0,-5,5,-216,ff010001,6307840,5443584,15520,1,0.157167926,-0.025,0.025,0.04
1463,0.182875,0,-3,3,-242,ff010001,6307840,5443584,15520,1,0.157167926,-0.015,0.010000000000000002,-0.015
1464,0.183,0,0,0,-237,ff010001,6307840,5443584,15520,1,0.157167926,0.0,0.015,0.0049999999999999975
1465,0.183125,0,2,-2,-237,ff010001,6385664,5357568,15521,1,0.899366751,0.01,0.01,-0.004999999999999999
1466,0.18325,0,3,-3,-228,ff010001,6385664,5357568,15521,1,0.899366751,0.015,0.004999999999999999,-0.005000000000000001
1467,0.183375,0,3,-3,-219,ff010001,6463488,5300224,15522,1,1.641565576,0.015,0.0,-0.004999999999999999
1468,0.1835,0,5,-5,-224,ff010001,6463488,5300224,15522,1,1.641565576,0.025,0.010000000000000002,0.010000000000000002
1469,0.183625,0,5,-5,-226,ff010001,6463488,5300224,15522,1,1.641565576,0.025,0.0,-0.010000000000000002
1470,0.18375,0,5,-5,-218,ff010001,6516736,5443584,15523,1,2.149385824,0.025,0.0,0.0
1471,0.183875,0,10,-10,-242,ff010001,6516736,5443584,15523,1,2.149385824,0.05,0.025,0.025
1472,0.184,0,11,-11,-251,ff010001,6516736,5443584,15523,1,2.149385824,0.055,0.0049999999999999975,-0.020000000000000004
1473,0.184125,0,9,-9,-219,ff010001,6582272,5390336,15524,1,2.774395361,0.045,-0.010000000000000002,-0.015
1474,0.18425,0,10,-10,-215,ff010001,6582272,5390336,15524,1,2.774395361,0.05,0.0050000000000000044,0.015000000000000006
1475,0.184375,0,13,-13,-240,ff010001,6582272,5390336,15524,1,2.774395361,0.065,0.015,0.009999999999999995
1476,0.1845,0,11,-11,-230,ff010001,6635520,5300224,15525,1,3.28221561,0.055,-0.010000000000000002,-0.025
1477,0.184625,0,16,-16,-239,ff010001,6635520,5300224,15525,1,3.28221561,0.08,0.025,0.035
1478,0.18475,0,15,-15,-245,ff010001,6635520,5300224,15525,1,3.28221561,0.075,-0.0050000000000000044,-0.030000000000000006
1479,0.184875,0,17,-17,-232,ff010001,6647808,5337088,15526,1,3.399404898,0.085,0.010000000000000009,0.015000000000000013
1480,0.185,0,21,-21,-255,ff010001,6647808,5337088,15526,1,3.399404898,0.105,0.01999999999999999,0.009999999999999981
1481,0.185125,0,23,-23,-260,ff010001,6672384,5353472,15527,1,3.633783474,0.115,0.010000000000000009,-0.009999999999999981
1482,0.18525,0,20,-20,-227,ff010001,6672384,5353472,15527,1,3.633783474,0.1,-0.015,-0.02500000000000001
1483,0.185375,0,27,-27,-248,ff010001,6672384,5353472,15527,1,3.633783474,0.135,0.035,0.05
1484,0.1855,0,26,-26,-263,ff010001,6647808,5398528,15528,1,3.399404898,0.13,-0.0050000000000000044,-0.04000000000000001
1485,0.185625,0,25,-25,-227,ff010001,6647808,5398528,15528,1,3.399404898,0.125,-0.0050000000000000044,0.0
1486,0.18575,0,24,-24,-224,ff010001,6647808,5398528,15528,1,3.399404898,0.12,-0.0050000000000000044,0.0
1487,0.185875,0,21,-21,-215,ff010001,6651904,5296128,15529,1,3.438467994,0.105,-0.015,-0.009999999999999995
1488,0.186,0,23,-23,-229,ff010001,6651904,5296128,15529,1,3.438467994,0.115,0.010000000000000009,0.02500000000000001
1489,0.186125,0,22,-22,-241,ff010001,6651904,5296128,15529,1,3.438467994,0.11,-0.0050000000000000044,-0.015000000000000013
1490,0.18625,0,24,-24,-243,ff010001,6619136,5292032,15530,1,3.125963226,0.12,0.009999999999999995,0.015
1491,0.186375,0,20,-20,-228,ff010001,6619136,5292032,15530,1,3.125963226,0.1,-0.01999999999999999,-0.029999999999999985
1492,0.1865,0,17,-17,-202,ff010001,6582272,5263360,15531,1,2.774395361,0.085,-0.015,0.0049999999999999906
1493,0.186625,0,12,-12,-193,ff010001,6582272,5263360,15531,1,2.774395361,0.06,-0.02500000000000001,-0.010000000000000009
1494,0.18675,0,27,-27,-279,ff010001,6582272,5263360,15531,1,2.774395361,0.135,0.07500000000000001,0.10000000000000002
1495,0.186875,0,21,-21,-285,ff010001,6524928,5271552,15532,1,2.227512016,0.105,-0.030000000000000013,-0.10500000000000002
1496,0.187,0,22,-22,-217,ff010001,6524928,5271552,15532,1,2.227512016,0.11,0.0050000000000000044,0.03500000000000002
1497,0.187125,0,16,-16,-207,ff010001,6524928,5271552,15532,1,2.227512016,0.08,-0.03,-0.035
1498,0.18725,0,15,-15,-197,ff010001,6455296,5296128,15533,1,1.563439384,0.075,-0.0050000000000000044,0.024999999999999994
1499,0.187375,0,12,-12,-211,ff010001,6455296,5296128,15533,1,1.563439384,0.06,-0.015,-0.009999999999999995
1500,0.1875,0,11,-11,-212,ff010001,6455296,5296128,15533,1,1.563439384,0.055,-0.0049999999999999975,0.010000000000000002
1501,0.187625,0,11,-11,-226,ff010001,6397952,5255168,15534,1,1.016556039,0.055,0.0,0.0049999999999999975
1502,0.18775,0,10,-10,-227,ff010001,6397952,5255168,15534,1,1.016556039,0.05,-0.0049999999999999975,-0.0049999999999999975
1503,0.187875,0,5,-5,-201,ff010001,6320128,5255168,15535,1,0.274357214,0.025,-0.025,-0.020000000000000004
1504,0.188,0,2,-2,-187,ff010001,6320128,5255168,15535,1,0.274357214,0.01,-0.015000000000000001,0.01
1505,0.188125,0,0,0,-199,ff010001,6320128,5255168,15535,1,0.274357214,0.0,-0.01,0.005000000000000001
1506,0.18825,0,0,0,-213,ff010001,6254592,5201920,15536,1,-0.350652323,0.0,0.0,0.01
1507,0.188375,0,-2,2,-214,ff010001,6254592,5201920,15536,1,-0.350652323,-0.01,-0.01,-0.01
1508,0.1885,0,0,0,-222,ff010001,6254592,5201920,15536,1,-0.350652323,0.0,0.01,0.02
1509,0.188625,0,-5,5,-207,ff010001,6193152,5136384,15537,1,-0.936598764,-0.025,-0.025,-0.035
1510,0.18875,0,-3,3,-203,ff010001,6193152,5136384,15537,1,-0.936598764,-0.015,0.010000000000000002,0.035
1511,0.188875,0,-9,9,-197,ff010001,6193152,5136384,15537,1,-0.936598764,-0.045,-0.03,-0.04
1512,0.189,0,-7,7,-196,ff010001,6127616,5095424,15538,1,-1.561608301,-0.035,0.009999999999999995,0.039999999999999994
1513,0.189125,0,-11,11,-204,ff010001,6127616,5095424,15538,1,-1.561608301,-0.055,-0.019999999999999997,-0.029999999999999992
1514,0.18925,0,-6,6,-219,ff010001,6057984,5169152,15539,1,-2.225680934,-0.03,0.025,0.045
1515,0.189375,0,-11,11,-215,ff010001,6057984,5169152,15539,1,-2.225680934,-0.055,-0.025,-0.05
1516,0.1895,0,-10,10,-194,ff010001,6057984,5169152,15539,1,-2.225680934,-0.05,0.0049999999999999975,0.03
1517,0.189625,0,-14,14,-195,ff010001,5988352,5148672,15540,1,-2.889753567,-0.07,-0.020000000000000004,-0.025
1518,0.18975,0,-15,15,-186,ff010001,5988352,5148672,15540,1,-2.889753567,-0.075,-0.0049999999999999906,0.015000000000000013
1519,0.189875,0,-20,20,-179,ff010001,5988352,5148672,15540,1,-2.889753567,-0.1,-0.02500000000000001,-0.020000000000000018
1520,0.19,0,-20,20,-182,ff010001,5935104,5185536,15541,1,-3.397573816,-0.1,0.0,0.02500000000000001
1521,0.190125,0,-18,18,-215,ff010001,5935104,5185536,15541,1,-3.397573816,-0.09,0.010000000000000009,0.010000000000000009
1522,0.19025,0,-20,20,-208,ff010001,5935104,5185536,15541,1,-3.397573816,-0.1,-0.010000000000000009,-0.020000000000000018
1523,0.190375,0,-21,21,-191,ff010001,5914624,5099520,15542,1,-3.592889296,-0.105,-0.0049999999999999906,0.005000000000000018
1524,0.1905,0,-18,18,-212,ff010001,5914624,5099520,15542,1,-3.592889296,-0.09,0.015,0.01999999999999999
1525,0.190625,0,-23,23,-195,ff010001,5914624,5099520,15542,1,-3.592889296,-0.115,-0.02500000000000001,-0.04000000000000001
1526,0.19075,0,-21,21,-187,ff010001,5873664,5124096,15543,1,-3.983520256,-0.105,0.010000000000000009,0.03500000000000002
1527,0.190875,0,-23,23,-200,ff010001,5873664,5124096,15543,1,-3.983520256,-0.115,-0.010000000000000009,-0.020000000000000018
1528,0.191,0,-22,22,-196,ff010001,5898240,5152768,15544,1,-3.74914168,-0.11,0.0050000000000000044,0.015000000000000013
1529,0.191125,0,-25,25,-190,ff010001,5898240,5152768,15544,1,-3.74914168,-0.125,-0.015,-0.020000000000000004
1530,0.19125,0,-28,28,-170,ff010001,5898240,5152768,15544,1,-3.74914168,-0.14,-0.015000000000000013,-1.3877787807814457e-17
1531,0.191375,0,-27,27,-185,ff010001,5885952,5210112,15545,1,-3.866330968,-0.135,0.0050000000000000044,0.020000000000000018
1532,0.1915,0,-31,31,-182,ff010001,5885952,5210112,15545,1,-3.866330968,-0.155,-0.01999999999999999,-0.024999999999999994
1533,0.191625,0,-33,33,-166,ff010001,5885952,5210112,15545,1,-3.866330968,-0.165,-0.010000000000000009,0.009999999999999981
1534,0.19175,0,-34,34,-177,ff010001,5922816,5173248,15546,1,-3.514763104,-0.17,-0.0050000000000000044,0.0050000000000000044
1535,0.191875,0,-30,30,-206,ff010001,5922816,5173248,15546,1,-3.514763104,-0.15,0.020000000000000018,0.025000000000000022
1536,0.192,0,-31,31,-209,ff010001,5922816,5173248,15546,1,-3.514763104,-0.155,-0.0050000000000000044,-0.025000000000000022
1537,0.192125,0,-30,30,-193,ff010001,5947392,5251072,15547,1,-3.280384527,-0.15,0.0050000000000000044,0.010000000000000009
1538,0.19225,0,-27,27,-209,ff010001,5947392,5251072,15547,1,-3.280384527,-0.135,0.014999999999999986,0.009999999999999981
1539,0.192375,0,-27,27,-206,ff010001,6017024,5156864,15548,1,-2.616311894,-0.135,0.0,-0.014999999999999986
1540,0.1925,0,-28,28,-186,ff010001,6017024,5156864,15548,1,-2.616311894,-0.14,-0.0050000000000000044,-0.0050000000000000044
1541,0.192625,0,-25,25,-198,ff010001,6017024,5156864,15548,1,-2.616311894,-0.125,0.015000000000000013,0.020000000000000018
1542,0.19275,0,-22,22,-220,ff010001,6074368,5197824,15549,1,-2.06942855,-0.11,0.015,-1.3877787807814457e-17
1543,0.192875,0,-20,20,-219,ff010001,6074368,5197824,15549,1,-2.06942855,-0.1,0.009999999999999995,-0.0050000000000000044
1544,0.193,0,-24,24,-185,ff010001,6074368,5197824,15549,1,-2.06942855,-0.12,-0.01999999999999999,-0.029999999999999985
1545,0.193125,0,-23,23,-176,ff010001,6139904,5173248,15550,1,-1.444419013,-0.115,0.0049999999999999906,0.02499999999999998
1546,0.19325,0,-21,21,-205,ff010001,6139904,5173248,15550,1,-1.444419013,-0.105,0.010000000000000009,0.005000000000000018
1547,0.193375,0,-21,21,-205,ff010001,6139904,5173248,15550,1,-1.444419013,-0.105,0.0,-0.010000000000000009
1548,0.1935,0,-20,20,-200,ff010001,6209536,5259264,15551,1,-0.78034638,-0.1,0.0049999999999999906,0.0049999999999999906
1549,0.193625,0,-18,18,-209,ff010001,6209536,5259264,15551,1,-0.78034638,-0.09,0.010000000000000009,0.005000000000000018
1550,0.19375,0,-13,13,-230,ff010001,6307840,5234688,15552,1,0.157167926,-0.065,0.024999999999999994,0.014999999999999986
1551,0.193875,0,-12,12,-229,ff010001,6307840,5234688,15552,1,0.157167926,-0.06,0.0050000000000000044,-0.01999999999999999
1552,0.194,0,-8,8,-224,ff010001,6307840,5234688,15552,1,0.157167926,-0.04,0.019999999999999997,0.014999999999999993
1553,0.194125,0,-5,5,-234,ff010001,6373376,5263360,15553,1,0.782177462,-0.025,0.015,-0.0049999999999999975
1554,0.19425,0,-2,2,-232,ff010001,6373376,5263360,15553,1,0.782177462,-0.01,0.015000000000000001,1.734723475976807e-18
1555,0.194375,0,0,0,-229,ff010001,6373376,5263360,15553,1,0.782177462,0.0,0.01,-0.005000000000000001
1556,0.1945,0,0,0,-216,ff010001,6430720,5341184,15554,1,1.329060807,0.0,0.0,-0.01
1557,0.194625,0,5,-5,-231,ff010001,6430720,5341184,15554,1,1.329060807,0.025,0.025,0.025
1558,0.19475,0,5,-5,-235,ff010001,6430720,5341184,15554,1,1.329060807,0.025,0.0,-0.025
1559,0.194875,0,5,-5,-213,ff010001,6508544,5328896,15555,1,2.071259632,0.025,0.0,0.0
1560,0.195,0,5,-5,-212,ff010001,6508544,5328896,15555,1,2.071259632,0.025,0.0,0.0
1561,0.195125,0,8,-8,-227,ff010001,6578176,5328896,15556,1,2.735332265,0.04,0.015,0.015
1562,0.19525,0,12,-12,-250,ff010001,6578176,5328896,15556,1,2.735332265,0.06,0.019999999999999997,0.0049999999999999975
